Image Name,True Sequence
1024.jpeg,1024
11128.jpeg,11128
112.jpeg,112
123.jpeg,123
123_1.jpeg,123
124.jpeg,124
1268.jpeg,1268
13.jpeg,13
1618.jpeg,1618
163.jpeg,163
17.jpeg,17
1729.jpeg,1729
1888.jpeg,1888
218.jpeg,218
23.jpeg,23
24.jpeg,24
3012.jpeg,3012
4012.jpeg,4012
4056.jpeg,4056
456.jpeg,456
456_1.jpeg,456
458.jpeg,458
49.jpeg,49
503.jpeg,503
53.jpeg,53
56.jpeg,56
56711.jpeg,56711
609.jpeg,609
63.jpeg,63
67.jpeg,67
678.jpeg,678
679.jpeg,679
753.jpeg,753
769.jpeg,769
781.jpeg,781
789.jpeg,789
8178.jpeg,8178
892.jpeg,892
90.jpeg,90
98.jpeg,98
981.jpeg,981
